,id,warnings,errors
0,INTERNO,Property account position (False) does not exist;User ( Cristhian Leyte Zamora) does not exist;User (False) does not exist;Channel analytic account (SUCURSAL) does not exist,
1,J000000001,Channel analytic account (MAYOREO) does not exist,
2,J000000003,Pricelist (GM) does not exist,
3,J000000005,User (Edgar Ramon Gallardo Gomez) does not exist,
4,J000000023,User (Laura Pedroza Candelario) does not exist,
5,J000000034,Pricelist (MA) does not exist,
6,J000000043,User (Jose David Garcia Huerta) does not exist,
7,J000000052,User (Jose Luis Garcia Miranda) does not exist,
8,J000000053,Channel analytic account (INTERNOS) does not exist,
9,J000000124,User (Manuel Gonzalez Cordero) does not exist,
10,J000000136,Channel analytic account (FLOTA) does not exist,
11,J000000138,User (Ruben  Armando Saucedo Mejia) does not exist,
12,J000000170,User (HÉCTOR ZAVALETA) does not exist,
13,J000000185,User (CRISTINA DÁVILA) does not exist,
14,J000000206,User (Veronica Esquivias  Tafolla) does not exist,
15,J000000280,User (Maricela Garcia Toledo) does not exist,
16,J000000490,User (Luis Armando Alferez   Araiza) does not exist,
17,J000000639,User (Juan Gerardo Fernandez Cavazos) does not exist,
18,J000000654,User (Juan Antonio Gonzalez  Vera) does not exist,
19,J000000665,User (Juan Ramon AbregoMoya) does not exist,
20,J000000702,User (Rosa Del Carmen FloresSandoval) does not exist,
21,J000000853,User (Jose Guadalupe Beltran  Garcia) does not exist,
22,J000000921,User (SANDRA HERNÁNDEZ) does not exist,
23,J000000922,User (JOSE MANUEL/JAHAZIEL TORRES) does not exist,
24,J000000925,Channel analytic account (INTERCOMP) does not exist,
25,J000000927,User (Roberto Casique   Casique) does not exist,
26,J000000967,Pricelist (MB) does not exist,
27,J000000981,User (Griselda Estrella Jimenez Ceballos) does not exist,
28,J000001292,User (LUIS MALDONADO) does not exist,
29,J000001297,User (Julio Cesar Zapata Baldereras) does not exist,
30,J000001457,User (HÉCTOR MEDINA) does not exist,
31,J000001489,Account payment term (20 Dias) does not exist,
32,J000001544,Account payment term (25 Dias) does not exist,
33,J000003981,User (Ivan Rafael Ramirez) does not exist,
34,J000004450,User (Edmundo Egon Herrero Peña) does not exist,
35,J000006155,User (Claudia Leticia Castillo  Matus) does not exist,
